Model,Train Time (s),Train Anomaly Rate (%),Val Anomaly Rate (%),Train Anomalies,Val Anomalies,Rate Consistency
Local Outlier Factor,2.979,1.0,1.0,1193,171,0.0033472242969232457
One-Class SVM,33.681,1.0,1.02,1191,173,0.016769719350102963
Elliptic Envelope,2.05,1.0,1.15,1193,196,0.15015560999191413
DBSCAN,1.421,99.81,100.0,118977,17029,0.18875522222781171
Isolation Forest,0.85,1.0,1.2,1193,205,0.20300662884211085
