location_decoded,Anomalies,Total,Anomaly_Rate,Normal
Mardakan,474,57327,0.8268355225286514,56853
Sumqayit,738,56637,1.3030351183855078,55899
Turkan,493,56325,0.8752774079005771,55832
